{"stat.chestOpened":1,"stat.pickup.tconstruct.tooltables":1,"stat.pickup.minecraft.pumpkin":7,"stat.pickup.minecraft.gravel":1,"stat.leaveGame":1,"stat.mineBlock.minecraft.pumpkin":7,"stat.craftItem.minecraft.cooked_porkchop":1,"stat.pickup.minecraft.stone_pickaxe":2,"stat.pickup.minecraft.flint":1,"stat.useItem.minecraft.apple":1,"stat.pickup.gravestone.death_info":3,"stat.useItem.minecraft.mutton":1,"stat.jump":973,"stat.swimOneCm":10617,"stat.pickup.minecraft.coal":32,"stat.fallOneCm":22309,"stat.climbOneCm":1612,"stat.pickup.minecraft.iron_ingot":10,"stat.craftItem.minecraft.shield":1,"stat.useItem.minecraft.stone_axe":7,"stat.pickup.minecraft.porkchop":1,"stat.craftItem.minecraft.bread":12,"stat.crouchOneCm":1623,"stat.mineBlock.gravestone.gravestone":2,"stat.craftItem.minecraft.torch":40,"stat.craftItem.minecraft.iron_ingot":1,"stat.pickup.minecraft.dirt":33,"stat.useItem.minecraft.dirt":9,"stat.pickup.wings.fairy_dust":1,"stat.useItem.minecraft.stone_slab2":23,"stat.craftingTableInteraction":18,"stat.pickup.minecraft.iron_ore":19,"stat.craftItem.minecraft.furnace":3,"stat.pickup.thermalfoundation.ore":2,"stat.craftItem.minecraft.stone_axe":2,"stat.useItem.chisel.marble1":17,"stat.pickup.minecraft.wooden_pickaxe":2,"stat.useItem.chisel.marble2":1,"stat.damageTaken":1180,"stat.pickup.minecraft.leather":3,"stat.mineBlock.minecraft.red_flower":1,"stat.craftItem.minecraft.stone_pickaxe":4,"stat.mineBlock.minecraft.furnace":1,"stat.useItem.minecraft.wooden_pickaxe":20,"stat.pickup.minecraft.cobblestone":165,"stat.pickup.minecraft.dye":7,"stat.pickup.minecraft.planks":207,"stat.flyOneCm":226016,"stat.pickup.minecraft.bed":7,"stat.pickup.minecraft.brown_mushroom":3,"stat.pickup.minecraft.wheat_seeds":112,"stat.mineBlock.minecraft.gravel":2,"stat.useItem.minecraft.stone_pickaxe":284,"stat.damageDealt":1781,"stat.mineBlock.minecraft.iron_ore":19,"stat.sleepInBed":3,"stat.timeSinceDeath":194,"stat.killEntity.Cow":1,"stat.mineBlock.minecraft.dirt":10,"stat.killEntity.Pig":2,"stat.craftItem.minecraft.wooden_pickaxe":2,"stat.pickup.minecraft.mutton":26,"stat.walkOneCm":130964,"stat.craftItem.minecraft.bed":1,"stat.useItem.minecraft.torch":19,"stat.drop.gravestone.death_info":3,"stat.pickup.minecraft.stick":20,"stat.pickup.minecraft.wooden_axe":2,"stat.mineBlock.chisel.marble2":54,"stat.pickup.minecraft.crafting_table":16,"stat.mineBlock.chisel.marble1":17,"stat.mineBlock.thermalfoundation.ore":2,"stat.useItem.minecraft.cobblestone":2,"stat.furnaceInteraction":8,"stat.mineBlock.chancecubes.chance_cube":2,"stat.craftItem.minecraft.crafting_table":3,"stat.useItem.minecraft.cooked_porkchop":1,"stat.mineBlock.minecraft.coal_ore":25,"stat.pickup.minecraft.shield":2,"stat.talkedToVillager":2,"stat.pickup.minecraft.log":49,"stat.pickup.minecraft.beef":3,"stat.pickup.minecraft.furnace":4,"stat.useItem.minecraft.cooked_mutton":2,"stat.pickup.minecraft.stone":10,"stat.craftItem.chisel.chisel_iron":2,"stat.pickup.minecraft.sapling":22,"stat.craftItem.tconstruct.tooltables":2,"stat.sprintOneCm":171181,"stat.pickup.minecraft.wooden_door":2,"stat.pickup.lycanitesmobs.crystalshardcharge":4,"stat.pickup.minecraft.apple":1,"stat.craftItem.minecraft.stick":52,"stat.craftItem.minecraft.wooden_axe":2,"stat.pickup.minecraft.beetroot":12,"stat.craftItem.minecraft.planks":196,"stat.mineBlock.minecraft.crafting_table":10,"stat.waystones:waystonesActivated":2,"stat.mobKills":14,"stat.mineBlock.minecraft.log":51,"stat.craftItem.minecraft.wooden_door":3,"stat.pickup.minecraft.quartz":8,"stat.useItem.minecraft.wooden_door":4,"stat.deaths":5,"stat.drop":3,"stat.pickup.minecraft.beetroot_seeds":17,"stat.mineBlock.minecraft.leaves":4,"stat.mineBlock.wings.fairy_dust_ore":2,"stat.playOneMinute":64238,"stat.pickup.minecraft.torch":4,"stat.killEntity.Sheep":11,"stat.pickup.minecraft.red_flower":1,"stat.useItem.minecraft.beetroot_seeds":5,"stat.sneakTime":849,"stat.pickup.minecraft.wool":11,"stat.useItem.minecraft.wooden_axe":78,"stat.pickup.chisel.marble1":69,"stat.pickup.minecraft.fire_charge":1,"stat.mineBlock.minecraft.stone":156,"stat.pickup.chisel.marble2":160,"stat.mineBlock.minecraft.tallgrass":17,"stat.craftItem.minecraft.cooked_mutton":4,"stat.diveOneCm":12036,"stat.pickup.minecraft.wheat":54}